{
  "accuracy": 0.9655172413793104,
  "precision": 0.9657863751051303,
  "recall": 0.9655172413793104,
  "f1": 0.9653397239604137
}